{
    "Aruba": 0.453575638777095,
    "Afghanistan": 2.38476110022344,
    "Angola": 3.27613387502724,
    "Albania": -0.246732042281782,
    "Andorra": 0.00649321134981403,
    "Arab World": 1.91591231602149,
    "United Arab Emirates": 1.50389675992433,
    "Argentina": 1.01580834908004,
    "Armenia": 0.236306378760517,
    "American Samoa": -0.279065761519574,
    "Antigua and Barbuda": 0.897185120114641,
    "Australia": 1.57484884368487,
    "Austria": 0.560750838441217,
    "Azerbaijan": 0.892098894830341,
    "Burundi": 3.16677344240935,
    "Belgium": 0.411541879773053,
    "Benin": 2.73486201301479,
    "Burkina Faso": 2.86707836702633,
    "Bangladesh": 1.05004464945676,
    "Bulgaria": -0.733767859366281,
    "Bahrain": 4.92116137205662,
    "Bahamas, The": 1.01095334432863,
    "Bosnia and Herzegovina": -0.826854592009436,
    "Belarus": -0.13567466715245,
    "Belize": 1.92457576999509,
    "Bermuda": 0.147164730563287,
    "Bolivia": 1.42189948560338,
    "Brazil": 0.783847578971981,
    "Barbados": 0.142439722865012,
    "Brunei Darussalam": 1.05199374278845,
    "Bhutan": 1.17684339517943,
    "Botswana": 2.197675757572,
    "Central African Republic": 1.51905153699811,
    "Canada": 1.40924661684667,
    "Central Europe and the Baltics": -0.220882354790533,
    "Switzerland": 0.762633818427414,
    "Channel Islands": 1.0814932456123,
    "Chile": 1.39101054110467,
    "China": 0.455899678672578,
    "Cote d'Ivoire": 2.55235886056005,
    "Cameroon": 2.61229075104427,
    "Congo, Dem. Rep.": 3.22669890036105,
    "Congo, Rep.": 2.58170130027223,
    "Colombia": 1.51727089084319,
    "Comoros": 2.23917061120128,
    "Cabo Verde": 1.15976676910969,
    "Costa Rica": 0.99478225758881,
    "Caribbean small states": 0.601162817720862,
    "Cuba": -0.00988649624040443,
    "Curacao": -0.203734790367624,
    "Cayman Islands": 1.2418234783193,
    "Cyprus": 0.809225398288843,
    "Czech Republic": 0.294597801117122,
    "Germany": 0.327228150005957,
    "Djibouti": 1.5578736070438,
    "Dominica": 0.233431051672096,
    "Denmark": 0.561579124028305,
    "Dominican Republic": 1.07884114802307,
    "Algeria": 2.00737383000812,
    "East Asia & Pacific (excluding high income)": 0.652568917370559,
    "Early-demographic dividend": 1.30806354112624,
    "East Asia & Pacific": 0.605775424177608,
    "Europe & Central Asia (excluding high income)": 0.501868443754063,
    "Europe & Central Asia": 0.368511547343985,
    "Ecuador": 1.76561120074764,
    "Egypt, Arab Rep.": 2.03326217641077,
    "Euro area": 0.181381489078262,
    "Eritrea": "",
    "Spain": 0.2797198925747,
    "Estonia": 0.26532574046817,
    "Ethiopia": 2.62001348207265,
    "European Union": 0.199586639438238,
    "Fragile and conflict affected situations": 2.20120684981846,
    "Finland": 0.178410431838419,
    "Fiji": 0.684181932039617,
    "France": 0.182439828965582,
    "Faroe Islands": 0.342876363511462,
    "Micronesia, Fed. Sts.": 1.05400821370478,
    "Gabon": 2.60295406093609,
    "United Kingdom": 0.649023744823203,
    "Georgia": 0.0803324454878194,
    "Ghana": 2.19282883696746,
    "Gibraltar": -0.0296533525287643,
    "Guinea": 2.83313635348047,
    "Gambia, The": 2.94672228129321,
    "Guinea-Bissau": 2.49377196123486,
    "Equatorial Guinea": 3.6545067728316,
    "Greece": -0.251471724522021,
    "Grenada": 0.521752829835629,
    "Greenland": -0.260258979661646,
    "Guatemala": 1.9487986359316,
    "Guam": 0.901084421670108,
    "Guyana": 0.486803065283861,
    "High income": 0.488412288351611,
    "Hong Kong SAR, China": 0.799050247136158,
    "Honduras": 1.66710361374407,
    "Heavily indebted poor countries (HIPC)": 2.78329756962958,
    "Croatia": -0.855405632614006,
    "Haiti": 1.2739963989891,
    "Hungary": -0.196157389848075,
    "IBRD only": 0.870067094488618,
    "IDA & IBRD total": 1.22308003639482,
    "IDA total": 2.26437090198088,
    "IDA blend": 2.26386784289691,
    "Indonesia": 1.1337698607638,
    "IDA only": 2.26462875496642,
    "Isle of Man": 0.571344926815681,
    "India": 1.03732336037888,
    "Not classified": "",
    "Ireland": 0.954742911312071,
    "Iran, Islamic Rep.": 1.38647970473313,
    "Iraq": 2.3184640284933,
    "Iceland": 2.9196850184929,
    "Israel": 1.93787994310203,
    "Italy": -0.174304003809544,
    "Jamaica": 0.478235140362221,
    "Jordan": 1.79215692220237,
    "Japan": -0.202670345017896,
    "Kazakhstan": 1.31478014575849,
    "Kenya": 2.30594867522983,
    "Kyrgyz Republic": 1.87955029622417,
    "Cambodia": 1.49035537141766,
    "Kiribati": 1.46869012445746,
    "St. Kitts and Nevis": 0.757999915891058,
    "Korea, Rep.": 0.327939403431369,
    "Kuwait": 1.98243953053414,
    "Latin America & Caribbean (excluding high income)": 0.954793338629315,
    "Lao PDR": 1.54802299147207,
    "Lebanon": 0.542458659560969,
    "Liberia": 2.45252259258425,
    "Libya": 1.47586738980959,
    "St. Lucia": 0.514822933775617,
    "Latin America & Caribbean": 0.941967091541571,
    "Least developed countries: UN classification": 2.36195486563658,
    "Low income": 2.6136887459942,
    "Liechtenstein": 0.290582690270153,
    "Sri Lanka": 1.04839295829763,
    "Lower middle income": 1.39143662337442,
    "Low & middle income": 1.22725078434512,
    "Lesotho": 0.796281136528556,
    "Late-demographic dividend": 0.542394417847532,
    "Lithuania": -1.38380431071839,
    "Luxembourg": 1.89231468434563,
    "Latvia": -0.811937907399897,
    "Macao SAR, China": 1.44331136552005,
    "St. Martin (French part)": 1.9072966556036,
    "Morocco": 1.25079496436022,
    "Monaco": 0.752527100059372,
    "Moldova": -0.0933886780058336,
    "Madagascar": 2.6696132402134,
    "Maldives": 3.81313622480854,
    "Middle East & North Africa": 1.73541850837286,
    "Mexico": 1.12642114890216,
    "Marshall Islands": 0.60959569220907,
    "Middle income": 1.05763212689602,
    "North Macedonia": 0.0461949888093546,
    "Mali": 3.00791357916659,
    "Malta": 3.26472013750544,
    "Myanmar": 0.608482651749138,
    "Middle East & North Africa (excluding high income)": 1.6863669426656,
    "Montenegro": -0.00449901102173483,
    "Mongolia": 1.796009979898,
    "Northern Mariana Islands": 0.564156497878011,
    "Mozambique": 2.91345897465103,
    "Mauritania": 2.78043440578277,
    "Mauritius": 0.0545472669534157,
    "Malawi": 2.64191728771031,
    "Malaysia": 1.35251165124592,
    "North America": 0.701862096885051,
    "Namibia": 1.88227929401189,
    "New Caledonia": 1.31466608833004,
    "Niger": 3.81686919885997,
    "Nigeria": 2.58654585214901,
    "Nicaragua": 1.25535796724705,
    "Netherlands": 0.580410753764695,
    "Norway": 0.705638419101121,
    "Nepal": 1.6539802386854,
    "Nauru": -1.34482089317817,
    "New Zealand": 1.89273580152215,
    "OECD members": 0.563458637020148,
    "Oman": 3.44511796571903,
    "Other small states": 2.0239246669851,
    "Pakistan": 2.05587986968414,
    "Panama": 1.69258054975119,
    "Peru": 1.71824651729878,
    "Philippines": 1.39613428041081,
    "Palau": 0.554390332143348,
    "Papua New Guinea": 1.97476017811245,
    "Poland": 0.00980074960984292,
    "Pre-demographic dividend": 2.79176218538421,
    "Puerto Rico": -3.98350008527716,
    "Korea, Dem. People’s Rep.": 0.470124289654097,
    "Portugal": -0.180137490722825,
    "Paraguay": 1.28784451697628,
    "West Bank and Gaza": 2.5330114844554,
    "Pacific island small states": 1.45663696499629,
    "Post-demographic dividend": 0.358224317829254,
    "French Polynesia": 0.569178577392632,
    "Qatar": 2.06868446561438,
    "Romania": -0.581419208735541,
    "Russian Federation": -0.0129353844507104,
    "Rwanda": 2.6440088912302,
    "South Asia": 1.20218138817778,
    "Saudi Arabia": 1.79887529985771,
    "Sudan": 2.39226526455048,
    "Senegal": 2.78193167027988,
    "Singapore": 0.469704298714121,
    "Solomon Islands": 2.61013377594308,
    "Sierra Leone": 2.13664820752458,
    "El Salvador": 0.509367035813322,
    "San Marino": 0.337998424249194,